title,price,imgUrl
Mytv Net 1C - Ram 2G/16G - Phiên bản 2022 - Android 9.0 - Truyền Hình Bản Quyền Miễn Phí 12 Tháng - Hàng Chính Hãng,745.000,https://salt.tikicdn.com/cache/280x280/ts/product/61/a6/10/f18408ace35a2a391b3ef7a6ca04cc96.png
Android tivi X96Q có điều khiển giọng nói cử chỉ tay người dùng hỗ trợ tìm kiếm bằng tiếng việt Android 10 cài sẵn chương trình tivi truyền hình cáp Phim HD miễn phí vĩnh viễn,799.200,https://salt.tikicdn.com/cache/280x280/ts/product/91/5a/46/31fdfa958e5a10a3658df5a0c899cef8.jpg
android tivi box magicsee n5 max x4 Ram 4G Android 11 điều khiển cử chỉ và giọng nói tiếng việt bluetooth S905X4 wifi 2 băng tần cài sẵn phim truyền hình cáp miễn phí vĩnh viễn - HÀNG NHẬP KHẨU,1.550.000,https://salt.tikicdn.com/cache/280x280/ts/product/8e/cc/2c/60e1ae00c03e58a0fab7ace807d9a904.jpg
Android tivi box T95 điều khiển cử chỉ và giọng nói tiếng việt có Bluetooth 4GB RAM 32GB ROM android 10 voice wifi kép 2 băng tần có cài sẵn ứng dụng truyền hình miễn phí vĩnh viễn phim HD - Hàng Nhập Khẩu,1.095.000,https://salt.tikicdn.com/cache/280x280/ts/product/60/37/7a/762434ec0d47acfafad809bbbfb9fd4c.jpg
Smart box android tv Q mới có điều khiển giọng nói tiếng việt hỗ trợ bluetooth Wifi băng tần kép cài sẵn chương trình tivi và xem phim HD miễn phí vĩnh viễn - Hàng nhập khẩu,690.000,https://salt.tikicdn.com/cache/280x280/ts/product/e6/65/b0/fa25c11db2f4361b83cb158abe81a00b.jpg
X96 tivi box có điều khiển giọng nói cử chỉ tay người dùng hỗ trợ tìm kiếm bằng tiếng việt Android 10 cài sẵn chương trình tivi truyền hình cáp miễn phí vĩnh viễn Hàng nhập khẩu,889.900,https://salt.tikicdn.com/cache/280x280/ts/product/94/1f/52/09ff6ba61e80c11948166b5e4dead9f9.jpg
TX3 mini + có điều khiển giọng nói tiếng việt 2G Ram 16G Rom S905w2 single wifi Android 11 cài sẵn chương trình truyền hình cáp và xem phim HD miễn phí vĩnh viễn Hàng nhập khẩu,888.250,https://salt.tikicdn.com/cache/280x280/ts/product/ae/cf/80/048eda7073827bc93adbe184d97ee3e4.jpg
Android tivi Box Android 10 RAM 4G 32G ROM mạnh mẽ wifi bằng tần kép phiên bản bluetooth 5.0 đa năng mang lại nhiều khung giờ giải trí cùng gia đình chính hãng T95-1,599.000,https://salt.tikicdn.com/cache/280x280/ts/product/7a/fd/e3/dc8363d8b70b857c5dc24df3100eb49d.jpg
Box TX3 mini+ Plus - Ram 4GB Android 11 Dual Wifi  Buetooth 5.0 - Hàng Nhập Khẩu,725.000,https://salt.tikicdn.com/cache/280x280/ts/product/ac/1c/b2/37e39d75f5a41ce41bc230e903d47551.png
Android TV Mi Box S 2018 4K Quốc Tế - Hàng Nhập Khẩu,1.490.000,https://salt.tikicdn.com/cache/280x280/ts/product/95/6b/b4/94cb3d053d4b45f11e1ea072cc689907.jpg
Đầu android TV box X96Q TV Box Android 10.0 Allwinner H313 ram 2gb rom 16gb Support 4K 3D Media Player,421.000,https://salt.tikicdn.com/cache/280x280/ts/product/eb/c0/88/b9fb9b0bf54b5e2fdf9f1e3c2d99da79.jpg
Android Tivi Box Best TV G9 Có Điều Khiển Giọng Nói hệ điều hành 7.1 xem chường trình truyền hình và giải trí Youtube thỏa thích,550.000,https://salt.tikicdn.com/cache/280x280/ts/product/ed/e6/b0/43740b1e39b771313eb152714cbb17dd.jpg
Android MyTV Net RAM 2G- 2020 Tặng Tài khoản HDplay Android 7.1.2 hỗ trợ điều khiển Giọng nói - Hàng chính hãng,750.000,https://salt.tikicdn.com/cache/280x280/ts/product/90/60/af/64efbd79c08d9b30bb343c93d4e8e3ef.jpg
Vinabox A15 Ram1G Rom 8G  sử dụng giao diện ATV Android 10 Hàng Chính Hãng,512.000,https://salt.tikicdn.com/cache/280x280/ts/product/a9/11/dd/b192d750536768e6dc97cb447624d188.jpg
Q9S Android BOX  YouTube 4K 3D video RK3229 RAM 2G thông minh tv box Phiên bản giọng nói CHÍNH HÃNG,451.000,https://salt.tikicdn.com/cache/280x280/ts/product/8a/61/c3/f78a040420b23e997be903013a4eb571.jpg
Super tivibox T95Max thế hệ mới hệ điều hành Android 12 siêu mạnh mẽ 2G-RAM 16G-ROM và 4G-RAM 64G-ROM,780.000,https://salt.tikicdn.com/cache/280x280/ts/product/da/45/ed/e9bbe56c4f477bd3523c37c77e63fd33.jpg
Android Tivi Box Ultra HD Q9s New Thân Vàng ,488.000,https://salt.tikicdn.com/cache/280x280/ts/product/ed/bf/60/5492173875847fb1630bac45f1152be9.png
Android Tivi Box TX3 Mini A Ram 2Gb Rom 16Gb 4K UltraHD - Hàng Chính Hãng,595.000,https://salt.tikicdn.com/cache/280x280/ts/product/32/c6/97/4b3899b74512b7b344c6bf2d6fb21830.jpg
Android tivi box TX3 mini bản Ram 2G - Rom 16G (xem phim truyền hình game online thỏa thích) - Hàng nhập khẩu,568.955,https://salt.tikicdn.com/cache/280x280/ts/product/02/7a/7a/749cac4ae01d9bc208741c8e7b69cd1e.jpg
Android TV Box Enybox X96 Mini ram 2GB bộ nhớ trong 16GB - Hàng Nhập Khẩu,399.000,https://salt.tikicdn.com/cache/280x280/ts/product/97/f0/d5/f5d26cfa30d3a4956db07b63699b303d.jpg
Android Tivi Box Ultra Q9s New Thân Vàng chạy siêu mượt,483.000,https://salt.tikicdn.com/cache/280x280/ts/product/20/3b/af/aaffcb9b2e2f392509dc13a12cb7c0ce.jpg
Android TV Box X96 mini Ram 2GB - ROM 16GB (xem phim truyền hình game online thỏa thích),368.000,https://salt.tikicdn.com/cache/280x280/ts/product/d5/cb/a4/a261b4440f7e8bef5f841d9cbef37a58.JPG
Mytv Net 1C - Ram 2G/16G - Phiên bản 2022 - Android 9.0 - Truyền Hình Bản Quyền Miễn Phí 12 Tháng - Hàng Chính Hãng,695.000,https://salt.tikicdn.com/cache/280x280/ts/product/40/d5/10/bf4b5d0ae6aa6b9bf33ce56e14ed6265.png
Android Tivi Box Ultra Q9s New Thân Vàng 2019,477.000,https://salt.tikicdn.com/cache/280x280/ts/product/20/3b/af/e2aedfd7c6fa8827becfc6583f87e7c7.jpg
Android Tivi Box Xiaomi Mibox S 4K Global Quốc Tế - Hàng Chính Hãng,1.590.000,https://salt.tikicdn.com/cache/280x280/ts/product/de/0f/6a/f07a58fdf8156203d60d328f7b71d302.jpg
Android Tivi Box MXQ Pro 4K Ram 1GB - Rom 8GB (xem phim truyền hình game online thỏa thích),560.000,https://salt.tikicdn.com/cache/280x280/ts/product/cd/96/62/ff207859b97ff443d67a9687138ef59b.jpg
Android Tivi Box T95 hệ điều hành android 10 RAM 4GB  ROM 32GB  điều khiển giọng nói tiếng Việt,660.000,https://salt.tikicdn.com/cache/280x280/ts/product/63/8b/bf/a44593ee150615779138f8734089ab21.jpg
TVBOX Android 11 mới giúp Tivi kết nối internet xem youtube truyền hình phim,690.000,https://salt.tikicdn.com/cache/280x280/ts/product/a9/59/e6/acf5468c598995832928c8e54395ae77.jpg
đầu thu android Q9 ram 2g rom 16gb cổng av - hdmi kết nối wifi không dây CHÍNH HÃNG,450.000,https://salt.tikicdn.com/cache/280x280/ts/product/cd/95/5f/5b248bb75475592f3053fe54f8dca1c1.jpg
Tivi box T95 hệ điều hành Android 10 RAM 4GB  ROM 32GB  cài sẵn bộ ứng dụng giải trí miễn phí,599.000,https://salt.tikicdn.com/cache/280x280/ts/product/1a/ee/f3/01a35fcf29c058534c72c30e122c4e0a.jpg
Hộp Android tivi box MyTVNet Net 1 - Hàng Chính Hãng,690.000,https://salt.tikicdn.com/cache/280x280/ts/product/2d/53/56/7d9016e01ed891a919fc52c89acf6185.png
FPT Play Box 2023 mã P650 – box Android Tốt Nhất VN - Miễn Phí Xem Truyền Hình - ROM Android TV -  Hàng chính hãng,1.390.000,https://salt.tikicdn.com/cache/280x280/ts/product/f4/ed/34/6b8da064260802384853939e6374fcda.png
Fpt Play Box 2020 Plus 4K ST550 Android box Smart box Fpt TV Box Fpt 2020 Fpt TV Box 2020 Android TV Box 10 Đầu thu Fpt Box 2020 Tivi Box giọng nói - Chính Hãng - Tặng chuột không dây,1.690.000,https://salt.tikicdn.com/cache/280x280/ts/product/de/73/ee/827a6638c2f1ab8286538b5877623fcc.jpeg
Android Box X96 Mini Ram 2GB  - Hàng chính hãng,399.000,https://salt.tikicdn.com/cache/280x280/ts/product/f7/08/c2/8a7e7b604bb38112f4b54ce5cbd38668.png
Android Tivi Box Tanix X96 Mini Ram 2 GB Rom 16GB (Phiên Bản 2017 ) - Hàng Nhập Khẩu,358.000,https://salt.tikicdn.com/cache/280x280/ts/product/71/27/f1/4141502fbdc7f17d6f1b3e5916c04122.jpg
 Tivi Box  Kiwi S3 Pro - Phiên Bản 2021 - Ram2G/16G - Android 10 -Cầu Hình Siêu Khủng - Hàng Chính Hãng,780.000,https://salt.tikicdn.com/cache/280x280/ts/product/e8/af/e1/9a23845504b2e24b484c80e8f1479a10.jpg
Android VINABOX X9-bản mới 2020 Android 7.1.2 HỖ TRỢ tìm kiếm giọng nói Ram 2G ROM 8G- SẢN PHẨM CHÍNH HÃNG Thiết kế ĐẹpSang trọng VP9,744.000,https://salt.tikicdn.com/cache/280x280/ts/product/1b/c5/16/62f023cdcc47116a03d025b69803b723.jpg
Vinabox A15 Ram 2G Rom 16G sử dụng giao diện ATV Android 10 Hàng Chính Hãng,680.000,https://salt.tikicdn.com/cache/280x280/ts/product/a9/11/dd/23e673f0fb54b7fddfaff4c42c93c39f.jpg
Android Tivi Box Ultra HD Q9s New,479.000,https://salt.tikicdn.com/cache/280x280/ts/product/49/e5/68/c37a1784c5e8fbd89e647f80cbb218af.jpg
Đầu Android X96Q PRO New 2022 Ram 2GB Android 10.0 Có cổng quang Optical,550.000,https://salt.tikicdn.com/cache/280x280/ts/product/70/c7/0a/e908b2e28022e74b469e406cc172746d.jpg
đầu android box X96Q Android 10.0 Allwinner H313  Support 4K 3D cài sẵn ứng dụng giải trí  CHÍNH HÃNG,455.000,https://salt.tikicdn.com/cache/280x280/ts/product/eb/c0/88/3089ce992491ca8e99ba148b773801ab.jpg
Đầu Android TVbox Mytv net Phiên bản Ram 2G/16G 4G/32G điều khiển IR- Xem 200 Kênh truyền hình miễn phí - Hàng Chính Hãng,775.000,https://salt.tikicdn.com/cache/280x280/ts/product/5d/b2/4b/1a1191ccb4bd487a643fd0c4bd9a220d.jpg
Box Mytv Net (2021) - Ram 4G/32G (Android 10) - Hàng Chính Hãng - Truyền Hình OTT miễn phí 12 tháng - Tích Hợp Tìm Kiếm Giọng Nói,989.000,https://salt.tikicdn.com/cache/280x280/ts/product/0c/39/06/9bf6da47307f3ad00624e3f75bb9e0c3.jpg
Android Tivi Box Tx3 Mini Plus 2023 - Android TV - Chip Allwiner H313 - Ram 2GB Rom 16GB - Hàng Chính Hãng,515.000,https://salt.tikicdn.com/cache/280x280/ts/product/85/cb/4c/9024891350fcc00602643ae5a480295e.png
Android Tivi Box FPT Play Box+ 2020 2GB Hệ Điều Hành Android TV 10 Hỗ Trợ 4K Tích Hợp Điều Khiển Bằng Giọng Nói (Model S550) - Hàng Chính Hãng,1.288.540,https://salt.tikicdn.com/cache/280x280/ts/product/45/61/3f/2fc7817b24dd21b1a3bee3d082047db2.jpg
Android Tivi Box X96 mini Ram 2G HDD 16G anroid 7.1.2,359.000,https://salt.tikicdn.com/cache/280x280/ts/product/63/69/66/8f42b2ebfe53f3fd1fd602bba2b6b3d6.jpg
Box Mytv Net (2021) - Ram 4G/32G (Android 10) - Hàng Chính Hãng - Truyền Hình OTT miễn phí 12 tháng - Tích Hợp Tìm Kiếm Giọng Nói,989.000,https://salt.tikicdn.com/cache/280x280/ts/product/0c/39/06/9bf6da47307f3ad00624e3f75bb9e0c3.jpg
đầu android tv X96 mini ram 2G rom 16G ưu cài sẵn ứng dụng Chính hãng,339.000,https://salt.tikicdn.com/cache/280x280/ts/product/0e/a4/36/ea26bc07b390aa244b3e603913231a37.jpg
Android Box Mytv net  Phiên bản Ram 2G/16G 4G/32G có điều khiển giọng nói - Xem 200 Kênh truyền hình miễn phí - Hàng Chính Hãng,1.089.000,https://salt.tikicdn.com/cache/280x280/ts/product/01/ab/a2/2a5b5cb5883d7ad2c782a9fa2b599442.png
TVBox Android 12 8K Bluetooth có Điều khiển giọng nói voice - T95ZPLUS2023 NEW,820.000,https://salt.tikicdn.com/cache/280x280/ts/product/f1/b3/b7/f9b89428ee055d6ee88c6c9fd97ff4e2.jpg
Android tivi Box MyTV NET 2GB bản 2022 4K utra điều khiển giọng nói 1 chạm - HÀNG CHÍNH HÃNG,650.000,https://salt.tikicdn.com/cache/280x280/ts/product/0b/55/ab/ce9254c351d19df6876c153e49a5f1b2.jpg
Android tivi box MYTV  MYNET TV 4H – RAM 4G ROM 32G Hệ điều hành Android 10 BLUETOOTH Có điều khiển giọng nói Xem truyền hình miễn phí- Hàng chính hãng,1.089.000,https://salt.tikicdn.com/cache/280x280/ts/product/01/ab/a2/69306d759ffe4f6fcbe7b236b88352b8.png
Android MYTV MYNET TV 4H – RAM 4G ROM 32G Hệ điều hành Android 10 BLUETOOTH Bản mới nhất Xem truyền hình miễn phí,850.000,https://salt.tikicdn.com/cache/280x280/ts/product/c8/7c/05/9d9e012ba674a6159f8f64f1cfd52299.jpg
Android Box T95 RAM 4G 32G ROM wifi kép 2.4/5.0 phiên bản bluetooth 5.0 xem 8K CHẠY CỰC NHANH đầy đủ phụ kiện tính năng đa dạng có thể tìm kiếm giọng nói,599.000,https://salt.tikicdn.com/cache/280x280/ts/product/97/d1/25/13b823181f947ad596b50e0d47243949.jpg
Box Mytv Net 2H - Android TV 10 - RAM 2GB + 16GB - Hàng Chính Hãng,759.000,https://salt.tikicdn.com/cache/280x280/ts/product/da/fc/c0/627a64e468079a75cd66f9d74bde35a8.png
Android TV Box Kiwi S10 Pro có Điều khiển Giọng nói  Ram 4GB /Rom 16GB Android 10 Cấu hình Cực mạnh - Hàng Chính Hãng,1.380.000,https://salt.tikicdn.com/cache/280x280/ts/product/d8/c8/4e/9f9bb2f571384cc01d806d7be49df24e.png
Box Android R11 (Ram 2G Rom 8G) Kết nối Bluetooth,599.000,https://salt.tikicdn.com/cache/280x280/ts/product/83/6e/b9/ecb15775594a6e9f75241262c0278ac8.jpg
FPT Play Box 2020 plus 4K model T550 Android Tivi Box điều khiển giọng nói,1.690.000,https://salt.tikicdn.com/cache/280x280/ts/product/cb/aa/18/f5a4d9e207fa28639461402a07a640a6.jpeg
Android TV Box TX3 mini 2022 - S905W2 Android 11 - Hàng chính hãng,559.000,https://salt.tikicdn.com/cache/280x280/ts/product/db/d2/69/68eb4f26839024b8d27436d7220afc00.png
Tvbox SmartTV MECOOL Android 10 điều khiển giọng nói GoVoice Assistant - Hàng nhập khẩu,1.280.000,https://salt.tikicdn.com/cache/280x280/ts/product/1d/89/b0/327ef5a56a9e12802f13110ebf7087f4.png
Android TV Box Vinabox X9 - Hàng Chính Hãng,647.800,https://salt.tikicdn.com/cache/280x280/ts/product/e4/ee/4c/718789941a976dc1aa91d0d9eb8d9952.jpg
FPT Play Box S 2021 mã T590 Điều khiển giọng nói không chạm Đầu thu Android TV Box Smart Home tivi box Fpt box 2021,2.390.000,https://salt.tikicdn.com/cache/280x280/ts/product/be/9c/1d/0def36a4856201d0d42dab6f489b7667.jpg
Android vinabox X10 ram 2G-4G rom 16G -32G mới xem truyền hình miễn phí Youtube HBO ... - Hàng Chính hãng,850.000,https://salt.tikicdn.com/cache/280x280/ts/product/37/a4/a7/15e38bbc54c094c1ed4a238485bfcc7e.jpg
VinaBox X9 (New 2021) - Ram 2G/16G-  Android 9.0 - Siêu Phẩm Trở Lại Cấu Hinh Vượt Trội - Chất Lượng Bền Lâu - Hàng Chính Hãng,668.000,https://salt.tikicdn.com/cache/280x280/ts/product/6a/99/5d/c032710fe2016e7874befc1c69c6df1a.jpg
Android TV Box Vinabox X9 - Đen Và Chuột Không Dây - Hàng Chính Hãng,755.000,https://salt.tikicdn.com/cache/280x280/media/catalog/product/0/_/0.u2566.d20170508.t161630.775239.jpg
Android tivi Box MyTV NET 2GB bản 2019 4K utra điều khiển giọng nói 1 chạm - HÀNG CHÍNH HÃNG,867.900,https://salt.tikicdn.com/cache/280x280/ts/product/a9/23/4c/d4527ffe699d82c7aa9989e7f664e1b0.jpg
Android tivi box MAGICSEE N5 MAX X4 Ram 4G Android 11 điều khiển giọng nói kiêm bàn phím chuột bay có đèn nền dual wifi 2 băng tần bluetooth S905X4 cài sẵn phim truyền hình cáp miễn phí vĩnh viễn cáp miễn phí vĩnh viễn - Hàng nhập khẩu ,1.399.500,https://salt.tikicdn.com/cache/280x280/ts/product/ae/5e/27/92905ca5632704cca2a79fe759b8d404.jpg
Kiwibox S10 Pro xem youtube trên tivi android 10 Ram 4G Rom 16G cổng quang bluetooth hàng chính hãng,949.000,https://salt.tikicdn.com/cache/280x280/ts/product/fe/bc/5a/cc8bbc3535c685abcae2132d3a7dcfea.jpg
Android Tivi Box Mynet TV Ram 2G/4G Rom 16G/32G Xem TV miễn phí Chọn đời | Hàng Chính Hãng,989.000,https://salt.tikicdn.com/cache/280x280/ts/product/82/8d/88/7e5088f77426c339715ac53b9cfb0740.png
Android Kiwibox S10 Pro 2020 Ram 4G Rom 16G - Sản phẩm chính hãng,990.000,https://salt.tikicdn.com/cache/280x280/ts/product/a7/ce/74/5f5d5e9ff380318e19e30bb08efd4842.png
FPT Play Box 2021 model T550 Truyền hình điều khiển bằng giọng nói Android tv box tốt nhất hiện nay Box tivi android biến tivi thường thành smart tv - Hàng Chính Hãng,1.690.000,https://salt.tikicdn.com/cache/280x280/ts/product/cb/aa/18/80aa5daa2e9b29fd771f761e952900d9.jpeg
Android Tivi Box FPT Play Box 2GB Hệ Điều Hành Android TV 10 Hỗ Trợ 4K Tích Hợp Điều Khiển Bằng Giọng Nóichuột không dây - Hàng Chính Hãng,1.425.600,https://salt.tikicdn.com/cache/280x280/ts/product/f9/be/5d/c9f4d40991cd8077e2c339e784960eee.jpg
Android TiviBox Vinabox A15 Ram 2Gb Rom 16Gb - Hàng Chính Hãng,685.000,https://salt.tikicdn.com/cache/280x280/ts/product/05/2f/9a/7b6d8b7b5a13371139b2df406376bbd7.jpg
Đầu thu android tv box TX3 MINI ROM 16GB RAM 1GB XEM PHIM 4K,680.000,https://salt.tikicdn.com/cache/280x280/ts/product/70/a1/99/f8030072019d41db0203af69ffe37585.jpg
ANDROID KIWIBOX S10 PRO Max RAM 4GB BLUETOOTH 5.0 - Hàng chính hãng,1.290.000,https://salt.tikicdn.com/cache/280x280/ts/product/30/8b/e0/160103c78a1fe39d7e6482cbdfd236e8.png
Adroid Boxx Ai Thế Hệ Mới Nhất dành cho xe ô tô. Android Chíp 8 nhân ram 4G rom 64G  PLC-S21E,5.986.000,https://salt.tikicdn.com/cache/280x280/ts/product/b3/19/f1/f553d3bd9adc1e0277c8c16e9118d99b.jpg
Đầu Android TVbox Mytv net Phiên bản Ram 2G/16G 4G/32G điều khiển IR- Xem 200 Kênh truyền hình miễn phí - Hàng Chính Hãng,727.000,https://salt.tikicdn.com/cache/280x280/ts/product/75/00/a8/2deff150a912a12307272e42687c1d34.jpg
Android TVBOX Hỗ Trợ Điều Khiển Giọng Nói MYTV NET1 Ram 4G Rom 32G Hàng Chính Hãng,1.039.500,https://salt.tikicdn.com/cache/280x280/ts/product/e7/4b/89/ffb5be29f0ebb02686f804b1e3159f19.jpg
FPT Play Box new 2021 Ram 2GB HĐH Android TV 10 Hỗ Trợ 4K Kết nối bluetooth Tích Hợp Điều Khiển Bằng Giọng Nói xem truyền hình HD đặc sắc Model T550 (tặng gối chữ U cao cấp đi máy bay) - Hàng Chính Hãng nguyên seal,1.390.400,https://salt.tikicdn.com/cache/280x280/ts/product/25/15/01/e13a4cd4af1c1157db1d2b302b55f13c.jpg
Android Tivi Box Ultra HD Q9s New,475.000,https://salt.tikicdn.com/cache/280x280/ts/product/34/43/41/b84d02e1298abef78eab682912b08478.jpg
Điều khiển gốc android tv x10 plus hồng ngoại android tivi box allwiner h616 h313,60.000,https://salt.tikicdn.com/cache/280x280/ts/product/42/6d/81/7b11f2c895197927b61dabc0fb826f69.jpg
đầu thu Q9s android - smart android tv box ram 2g rom 16g siêu phẩm 2021 phần mềm ATV 7.12 - CHÍNH HÃNG,456.000,https://salt.tikicdn.com/cache/280x280/ts/product/1a/c9/da/138870488174ba1d81787b145fe0362c.jpg
Android Tivi Box X98 PLUS - Ram 4GB Android 11 Dual Wifi  Buetooth 5.0 - Hàng Nhập Khẩu,685.000,https://salt.tikicdn.com/cache/280x280/ts/product/ed/be/1b/73299dcd2df951f0d9fcd7118c19cb78.jpg
Android Tivi Box MyTV Net 1C  - 2GB RAM 16GB ROM Android 9.0 - HÀNG CHÍNH HÃNG 2021,690.000,https://salt.tikicdn.com/cache/280x280/ts/product/0b/55/ab/ffb0710812233db373bb5b316ac0bed9.jpg
Android Tivi Box Q9s New 2019 xem phim thả ga,478.000,https://salt.tikicdn.com/cache/280x280/ts/product/20/3b/af/ae1a4a03a9c6c016fb32b527dae95243.jpg
 Android TV Box Vinabox X9 - Hàng Chính Hãng,745.000,https://salt.tikicdn.com/cache/280x280/ts/product/40/b6/ab/98d45d389418193d512ea33600e79f21.jpg
Android Tivi Box Qixi - Ram 2G - Android TV 10 - Dual Wifi - Bluetooth - Netflix - Remote Tìm Kiếm Bằng Giọng Nói - Hàng Nhập Khẩu,499.000,https://salt.tikicdn.com/cache/280x280/ts/product/79/4c/4b/a160636934e21f5ba0d14f46e52a00bd.jpg
Hộp Android tivi box MyTVNet Net 1 - Hàng chính Hãng,679.000,https://salt.tikicdn.com/cache/280x280/ts/product/5c/4b/16/9481531480766c32749a5f4a49677cd6.jpg
Android Tivi Box MXQ Pro 4K - Hàng Chính Hãng,429.000,https://salt.tikicdn.com/cache/280x280/ts/product/56/ed/4f/82bfdc1ff11e8d7bea8e1eb72fdbd37e.jpg
Android Tivi Box MYTV NET 4H - Chip lõi tứ 4GB RAM 32GB ROM Android 10 OS - Cấu hình mạnh mẽ Hàng chính hãng,850.000,https://salt.tikicdn.com/cache/280x280/ts/product/9b/4e/88/42f2dceba81ba66c2cca99e525cf21e7.jpg
TVBox Android 12 có Remote giọng nói voice - T95MAX2023,920.000,https://salt.tikicdn.com/cache/280x280/ts/product/e3/12/33/988fb48712b874a63ec9173abb66fbff.jpg
Android Tivi Box TX3 Mini Phiên Bản 2GB Ram Và 16GB Bộ Nhớ Trong Hệ Điều Hành Android TV Tìm Kiếm Giọng Nói - Hàng Nhập Khẩu,550.000,https://salt.tikicdn.com/cache/280x280/ts/product/37/a1/c7/861e95ad369e8df6004aa5e3b8c8d2bd.png
Android MyTV Net 4H Ram 4GB Rom 32GB New 2022 - Tích hợp điều khiển giọng nói Android 10.0 cấu hình mạnh mẽ - Hàng chính hãng,850.000,https://salt.tikicdn.com/cache/280x280/ts/product/ae/95/39/46ed249a229e1eece4dc20d6fcf3bef8.jpg
Hộp Android tivi box MyTVNet Net 1chuột không dây - Hàng Chính Hãng,750.000,https://salt.tikicdn.com/cache/280x280/ts/product/21/59/aa/5500e6a3492d8ecce2cb5616957f8edf.jpg
Android tivi box VNPT MyTVNet Net 1 - Tặng kèm chuột không dây chính hãng  ,725.000,https://salt.tikicdn.com/cache/280x280/ts/product/2d/53/56/8b6a4d5b3abe50afbae2c00d18a53d70.png
Hamitechz Carplay Android Ai Box - RAM 4G ROM 64GB HÀNG CHÍNH HÃNG,5.800.000,https://salt.tikicdn.com/cache/280x280/ts/product/50/98/6e/768f60bbd7302187bdcc9fe2a77a261e.jpg
Đầu thu Android Box tanix X96 mini - 2G Ram và 16G bộ nhớ trong - Hàng chính hãng,388.000,https://salt.tikicdn.com/cache/280x280/ts/product/0e/a4/36/6aec68732ba52b951a3cc5959840dead.jpg
Android TiVi Box X98 Mini Android 11 Kết Nối Bluetooth Ram 4GB Rom 32GB  Chip S905W2 Xem Phim Truyền Hình Game Online Thỏa Thích Phiên Bản 2022 - Hàng Chính Hãng,900.000,https://salt.tikicdn.com/cache/280x280/ts/product/93/87/0d/077246b1937b004ced56cfdc8c551fec.jpg
FPT Play Box 2020 plus 4K mã T550 truyền hình điều khiển giọng nói Đầu thu android box Fpt - Hàng Chính Hãng,1.690.000,https://salt.tikicdn.com/cache/280x280/ts/product/cb/aa/18/d767c568afbd5f68271b2b75bf3fb4b3.jpeg
Android tivi box MAGICSEE N5 MAX X4 Ram 4G Android 11 S905X4 wifi 2 băng tần bluetooth cài sẵn phim HD truyền hình cáp miễn phí vĩnh viễn - Hàng nhập khẩu,1.474.000,https://salt.tikicdn.com/cache/280x280/ts/product/17/ce/7c/17fde80c5f09ccab0a1bf893d41a2769.jpg
Android Tivi Box Q96 MAX 2.4G Android 11 Dual Wifi CPU S905 1GB/2GB 4GB/64GB 8GB/16GB 4K HD Hỗ Trợ Youtube - Hàng Chính Hãng,387.000,https://salt.tikicdn.com/cache/280x280/ts/product/e3/93/50/fd984952acbf7f0d4bc77041428f4db2.jpg
TVBOX Bluetooth Android 10 H96MAX 2G Tivibox giúp TV truy cập internet youtube game,599.000,https://salt.tikicdn.com/cache/280x280/ts/product/9c/f0/62/17c500480658dff2a90ad093e275fc51.jpg
Android Box Enybox X96 Mini ram 2GB bộ nhớ trong 16GB ỨNG DỤNG PHONG PHÚ MIỄN PHÍ XEM - Hàng Nhập Khẩu,355.000,https://salt.tikicdn.com/cache/280x280/ts/product/2c/c8/51/c12c173b9725261994fa6133f3b62351.jpg
Android tivibox MXQ Pro 2.4G 5G android 11.1 RK3228A quadcore wifi 5G 1GB/2GB 8GB/16GB kết nối bluetooth 4K HD hỗ trợ youtube - hàng chính hãng,465.000,https://salt.tikicdn.com/cache/280x280/ts/product/4c/0e/15/6b34fe7f55e44ad5aa41cd58ca7f05b3.jpg
Android tivi X96Q pro có điều khiển giọng nói cử chỉ tay người dùng hỗ trợ tìm kiếm bằng tiếng việt Android 10 cài sẵn chương trình tivi truyền hình cáp Phim HD miễn phí vĩnh viễn - Hàng Nhập Khẩu,803.000,https://salt.tikicdn.com/cache/280x280/ts/product/3f/a0/98/2256e98e1678f948f0e47580500fc5a8.jpg
Android tivi box n5 max x4 Ram 4G Android 11 điều khiển giọng nói kiêm bàn phím chuột bay có đèn nền wifi 2 băng tần bluetooth S905X4 cài sẵn phim truyền hình cáp miễn phí vĩnh viễn,1.253.000,https://salt.tikicdn.com/cache/280x280/ts/product/88/f8/cd/8f5c6c127616cecb27f1616a3cd81dcf.jpg
Máy tính bảng 10.1 inch màn hình cong Moocis M5 Android 6.0 Ram3GB Rom32Gb - HanruiOffical,4.264.000,https://salt.tikicdn.com/cache/280x280/ts/product/cf/07/73/7b8591cecbf02be205584bec08609669.jpg
FPT Play Box 2020 mã T550 truyền hình điều khiển giọng nói Fpt play box plus 4k android tv box fpt smart box fpt box 2020,1.690.000,https://salt.tikicdn.com/cache/280x280/ts/product/cb/aa/18/770effc3a99930c14126f5b21a40d199.jpg
Đầu android box q9s new bộ nhớ 2Gb phần mềm ATV 7.12 có kèm khiển giọng nói  chuôt bay G10s HÀNG CHÍNH HÃNG,522.000,https://salt.tikicdn.com/cache/280x280/ts/product/c2/c4/fb/c64ad0a2407a2377c8815b62952e953f.jpg
Chuột Bay Điều Khiển Không Dây ENYBOX MX3 Pro Có Voice - Sử Dụng Cho Các Thiết Bị Android- Hàng chính hãng,246.000,https://salt.tikicdn.com/cache/280x280/ts/product/b8/84/b0/c4382f419d1929f6b189c752418c5ff4.jpg
Hộp Android tivi box MyTVNet Net 1- Phiên bản Ram 2G Rom 16 G tặng kèm chuột Vinagear- Hàng chính hãng .,699.000,https://salt.tikicdn.com/cache/280x280/ts/product/c1/cf/00/0305883298fc11af16ba65e3ea0365da.png
A15 - RAM 2GB ROM 16GB MẪU MỚI NHẤT NĂM 2020 TÌM KIẾM GIỌNG NÓI GIAO DIỆN ANDROID TV 10,581.900,https://salt.tikicdn.com/cache/280x280/ts/product/00/03/92/2d150f3d8945fb30427c49615e50717c.jpg
FPT Play Box 2021 mã T550 Ram 2Gb Truyền hình điều khiển giọng nói box tivi fpt fpt play box 2020 android tv box fpt smart box fpt box 2021 - Chính Hãng,1.690.000,https://salt.tikicdn.com/cache/280x280/ts/product/df/05/c8/c3b5c160f91b0d3ebf1dec723a187668.jpg
Box H96max - Android 13.0 - Rockchip 3528 - Ram 4G/32G- Bluetooth 5.3 - Tích Hợp Truyền Hình Miễn Phí,670.000,https://salt.tikicdn.com/cache/280x280/ts/product/69/42/e0/b290ce00f291f549ac57b54f1e061f19.jpg
Box MXQ 4K Pro 5G Android 11.1 bản 8GB/128GB xem 108 kênh truyền hình miễn phí Youtube Kodi,478.000,https://salt.tikicdn.com/cache/280x280/ts/product/74/2a/ee/a07c417d8ade5a7c257b9f2cdc710387.jpg
Tivi box EVPAD 6P Ram 4G + Rom 64G Android 10.0 Xem Truyền Hình Quốc Tế  Có Remote Hỗ Trợ Voice,3.749.000,https://salt.tikicdn.com/cache/280x280/ts/product/a3/0b/f8/b8008c636d41a6e3fd5730d25e110959.jpg
Android tivi box vinabox X10 ram 2G /4G rom 8G /16G mới xem truyền hình miễn phí | Hàng Chính hãng,989.000,https://salt.tikicdn.com/cache/280x280/ts/product/2c/67/ac/81b6d1c16753967233d79a7c5e9e2ee0.png
x96 Q Android 10 mới cài sẵn các ứng dụng xem truyền hình cáp và phim HD miễn phí vĩnh viễn - Hàng Nhập Khẩu,612.000,https://salt.tikicdn.com/cache/280x280/ts/product/7c/35/ba/4bba7c47abac220d79df7d04c394162f.jpg
TV BOX T95H 4GB RAM 32GB ROM ANDROID 10 CÓ BLUETOOTH CÀI SẴN ỨNG DỤNG XEM PHIM HD VÀ TRUYỀN HÌNH CÁP,841.000,https://salt.tikicdn.com/cache/280x280/ts/product/98/95/28/54005e9179a4ac1ab3740cb396338a88.jpg
Điều khiển hồng ngoại android tivi box X96 mini . X96 Max  x96 mini 5g  x96 mini plus  x96 max plus ,83.000,https://salt.tikicdn.com/cache/280x280/ts/product/c2/f6/f0/0b77b8bd99109733e909f6324118ef93.jpg
Android Tivi Box Best TV G8 Có Điều Khiển Giọng Nói hệ điều hành 7.1 xem chường trình truyền hình và giải trí  Youtube thỏa thích,450.000,https://salt.tikicdn.com/cache/280x280/ts/product/3c/e0/54/834fa70d346453f718c8c8939b7f495f.jpg
Tivi box TX3 mini android 11 ram 2GB - rom 16GB kết nối wifi bluetooth Xem Phim Truyền Hình Game Online Thoả Thích - hàng chính hãng,610.100,https://salt.tikicdn.com/cache/280x280/ts/product/f9/7e/b3/63d06c4bdf06f203a452d1cabc13c5f6.jpg
FPT Play Box S 2021 mã T590 Smart Hub trung tâm điều khiển Smart Home - Đầu thu Fpt play box 2021 kết hợp Android TV Box Fpt và loa thông minh điều khiển bằng giọng nói hands free không chạm - Fpt Box S Hàng Chính Hãng,2.390.000,https://salt.tikicdn.com/cache/280x280/ts/product/73/fd/f0/484933c4a876f19bce65d14d2b8f65e7.jpeg
